"gene","coef"
"ANLN",0.137705823265984
"SLC34A2",-0.0715408971438908
"ANGPTL4",0.0968386194925357
"FAM83A",0.11348975357118
"GJB3",0.118495486420503
